time_ms,raw_adc,filtered_adc,temp_c,humidity,pressure_hpa
4.0,899.0,901.85,27.86,43.33,967.52
27.0,900.0,901.75,27.86,43.33,967.52
51.0,899.0,901.6,27.86,43.33,967.52
75.0,898.0,901.4,27.86,43.33,967.52
99.0,898.0,901.2,27.86,43.37,967.51
123.0,898.0,901.0,27.86,43.37,967.51
147.0,898.0,900.8,27.86,43.37,967.51
171.0,897.0,900.55,27.86,43.37,967.51
195.0,899.0,900.4,27.86,43.35,967.52
219.0,899.0,900.25,27.86,43.35,967.52
243.0,896.0,899.95,27.86,43.35,967.52
267.0,896.0,899.65,27.86,43.35,967.52
291.0,900.0,899.55,27.87,43.31,967.52
315.0,898.0,899.35,27.87,43.31,967.52
339.0,898.0,899.15,27.87,43.31,967.52
363.0,898.0,898.95,27.87,43.31,967.52
387.0,897.0,898.7,27.87,43.27,967.54
411.0,896.0,898.4,27.87,43.27,967.54
435.0,899.0,898.25,27.87,43.27,967.54
459.0,898.0,898.05,27.87,43.27,967.54
483.0,897.0,897.95,27.87,43.27,967.53
507.0,897.0,897.8,27.87,43.31,967.53
531.0,898.0,897.75,27.87,43.31,967.53
555.0,896.0,897.65,27.87,43.31,967.53
579.0,898.0,897.65,27.87,43.31,967.53
603.0,901.0,897.8,27.88,43.33,967.53
627.0,901.0,897.95,27.88,43.33,967.53
651.0,901.0,898.15,27.88,43.33,967.53
675.0,901.0,898.25,27.88,43.33,967.53
699.0,897.0,898.15,27.87,43.28,967.52
723.0,899.0,898.3,27.87,43.28,967.52
747.0,895.0,898.25,27.87,43.28,967.52
771.0,897.0,898.1,27.87,43.28,967.52
795.0,896.0,898.0,27.88,43.3,967.53
819.0,898.0,898.0,27.88,43.3,967.53
843.0,899.0,898.05,27.88,43.3,967.53
867.0,896.0,898.0,27.88,43.3,967.53
891.0,897.0,898.05,27.88,43.32,967.51
915.0,899.0,898.05,27.88,43.32,967.51
939.0,898.0,898.05,27.88,43.32,967.51
963.0,903.0,898.35,27.88,43.32,967.51
987.0,897.0,898.35,27.88,43.31,967.5
1011.0,899.0,898.4,27.88,43.31,967.5
1035.0,899.0,898.55,27.88,43.31,967.5
1059.0,902.0,898.75,27.88,43.31,967.5
1083.0,899.0,898.65,27.88,43.31,967.49
1107.0,898.0,898.5,27.88,43.31,967.49
1131.0,897.0,898.3,27.88,43.31,967.49
1155.0,897.0,898.1,27.88,43.31,967.49
1179.0,897.0,898.1,27.88,43.33,967.53
1203.0,896.0,897.95,27.88,43.33,967.53
1227.0,895.0,897.95,27.88,43.33,967.53
1251.0,897.0,897.95,27.88,43.33,967.53
1275.0,899.0,898.1,27.89,43.32,967.54
1299.0,899.0,898.15,27.89,43.32,967.54
1323.0,897.0,898.05,27.89,43.32,967.54
1347.0,897.0,898.1,27.89,43.32,967.54
1371.0,897.0,898.1,27.89,43.3,967.54
1395.0,899.0,898.1,27.89,43.3,967.54
1419.0,898.0,898.1,27.89,43.3,967.54
1443.0,897.0,897.8,27.89,43.3,967.54
1467.0,897.0,897.8,27.88,43.27,967.55
1491.0,897.0,897.7,27.88,43.27,967.55
1515.0,896.0,897.55,27.88,43.27,967.55
1539.0,896.0,897.25,27.88,43.27,967.55
1563.0,897.0,897.15,27.88,43.3,967.53
1587.0,898.0,897.15,27.88,43.3,967.53
1611.0,899.0,897.25,27.88,43.3,967.53
1635.0,897.0,897.25,27.88,43.3,967.53
1659.0,897.0,897.25,27.88,43.27,967.55
1683.0,899.0,897.4,27.88,43.27,967.55
1707.0,899.0,897.6,27.88,43.27,967.55
1731.0,896.0,897.55,27.88,43.27,967.55
1755.0,896.0,897.4,27.88,43.25,967.51
1779.0,896.0,897.25,27.88,43.25,967.51
1803.0,897.0,897.25,27.88,43.25,967.51
1827.0,897.0,897.25,27.88,43.25,967.51
1851.0,897.0,897.25,27.88,43.3,967.53
1875.0,896.0,897.1,27.88,43.3,967.53
1899.0,900.0,897.2,27.88,43.3,967.53
1923.0,896.0,897.15,27.88,43.3,967.53
1947.0,900.0,897.3,27.88,43.27,967.52
1971.0,899.0,897.4,27.88,43.27,967.52
1995.0,899.0,897.55,27.88,43.27,967.52
2019.0,897.0,897.6,27.88,43.27,967.52
2043.0,899.0,897.7,27.88,43.3,967.51
2067.0,896.0,897.6,27.88,43.3,967.51
2091.0,898.0,897.55,27.88,43.3,967.51
2115.0,899.0,897.65,27.88,43.3,967.51
2139.0,896.0,897.6,27.89,43.28,967.56
2163.0,896.0,897.45,27.89,43.28,967.56
2187.0,898.0,897.4,27.89,43.28,967.56
2211.0,898.0,897.5,27.89,43.28,967.56
2235.0,896.0,897.5,27.89,43.31,967.54
2259.0,899.0,897.65,27.89,43.31,967.54
2283.0,898.0,897.7,27.89,43.31,967.54
2307.0,901.0,897.9,27.89,43.31,967.54
2331.0,901.0,898.1,27.89,43.32,967.51
2355.0,901.0,898.35,27.89,43.32,967.51
2379.0,896.0,898.15,27.89,43.32,967.51
2403.0,900.0,898.35,27.89,43.32,967.51
2427.0,903.0,898.5,27.88,43.33,967.53
2451.0,907.0,898.9,27.88,43.33,967.53
2475.0,902.0,899.05,27.88,43.33,967.53
2499.0,910.0,899.7,27.88,43.33,967.53
2523.0,907.0,900.1,27.88,43.38,967.55
2547.0,912.0,900.9,27.89,43.38,967.55
2571.0,912.0,901.6,27.89,43.38,967.55
2595.0,912.0,902.25,27.89,43.38,967.55
2619.0,915.0,903.2,27.89,43.38,967.54
2643.0,917.0,904.25,27.88,43.34,967.53
2667.0,915.0,905.1,27.88,43.34,967.53
2691.0,914.0,905.9,27.88,43.34,967.53
2715.0,914.0,906.8,27.88,43.34,967.53
2739.0,914.0,907.55,27.89,43.4,967.56
2763.0,915.0,908.4,27.89,43.4,967.56
2787.0,912.0,908.95,27.89,43.4,967.56
2811.0,912.0,909.5,27.89,43.4,967.56
2835.0,917.0,910.3,27.88,43.39,967.54
2859.0,915.0,911.25,27.88,43.39,967.54
2883.0,916.0,912.05,27.88,43.39,967.54
2907.0,917.0,912.75,27.88,43.39,967.54
2931.0,912.0,913.0,27.88,43.39,967.54
2955.0,914.0,913.6,27.88,43.39,967.54
2979.0,913.0,913.75,27.88,43.39,967.54
3003.0,913.0,914.05,27.88,43.39,967.54
3027.0,915.0,914.2,27.88,43.41,967.52
3051.0,912.0,914.2,27.88,43.41,967.52
3075.0,913.0,914.25,27.88,43.41,967.52
3099.0,914.0,914.2,27.88,43.41,967.52
3123.0,912.0,913.95,27.88,43.43,967.55
3147.0,915.0,913.95,27.88,43.43,967.55
3171.0,915.0,914.0,27.88,43.43,967.55
3195.0,916.0,914.1,27.88,43.43,967.55
3219.0,914.0,914.1,27.89,43.44,967.54
3243.0,915.0,914.1,27.89,43.44,967.54
3267.0,914.0,914.2,27.89,43.44,967.54
3291.0,915.0,914.35,27.89,43.44,967.54
3315.0,912.0,914.1,27.89,43.45,967.54
3339.0,917.0,914.2,27.89,43.45,967.54
3363.0,913.0,914.05,27.89,43.45,967.54
3387.0,912.0,913.8,27.89,43.45,967.54
3411.0,916.0,914.0,27.89,43.46,967.55
3435.0,913.0,913.95,27.89,43.46,967.55
3459.0,912.0,913.9,27.89,43.46,967.55
3483.0,914.0,913.95,27.89,43.46,967.55
3507.0,912.0,913.8,27.89,43.47,967.53
3531.0,914.0,913.9,27.89,43.47,967.53
3555.0,912.0,913.85,27.89,43.47,967.53
3579.0,912.0,913.75,27.89,43.47,967.53
3603.0,911.0,913.7,27.89,43.46,967.53
3627.0,909.0,913.4,27.89,43.46,967.53
3651.0,912.0,913.25,27.89,43.46,967.53
3675.0,908.0,912.85,27.89,43.46,967.53
3699.0,912.0,912.75,27.89,43.47,967.51
3723.0,910.0,912.5,27.89,43.47,967.51
3747.0,912.0,912.4,27.89,43.47,967.51
3771.0,912.0,912.25,27.89,43.47,967.51
3795.0,912.0,912.25,27.88,43.46,967.52
3819.0,912.0,912.0,27.88,43.46,967.52
3843.0,914.0,912.05,27.88,43.46,967.52
3867.0,918.0,912.35,27.88,43.46,967.52
3891.0,923.0,912.7,27.89,43.47,967.56
3915.0,923.0,913.2,27.89,43.47,967.56
3939.0,923.0,913.75,27.89,43.47,967.56
3963.0,926.0,914.35,27.89,43.47,967.56
3987.0,928.0,915.15,27.88,43.48,967.55
4011.0,926.0,915.75,27.88,43.48,967.55
4035.0,928.0,916.55,27.88,43.48,967.55
4059.0,926.0,917.25,27.88,43.48,967.55
4083.0,929.0,918.15,27.89,43.47,967.53
4107.0,927.0,919.05,27.89,43.47,967.53
4131.0,925.0,919.7,27.89,43.47,967.53
4155.0,927.0,920.65,27.89,43.47,967.53
4179.0,924.0,921.25,27.89,43.52,967.55
4203.0,922.0,921.85,27.89,43.52,967.55
4227.0,924.0,922.45,27.89,43.52,967.55
4251.0,920.0,922.85,27.89,43.52,967.55
4275.0,921.0,923.3,27.89,43.5,967.52
4299.0,919.0,923.65,27.89,43.5,967.52
4323.0,922.0,924.05,27.89,43.5,967.52
4347.0,918.0,924.05,27.89,43.5,967.52
4371.0,918.0,923.8,27.88,43.53,967.56
4395.0,919.0,923.6,27.88,43.53,967.56
4419.0,922.0,923.55,27.88,43.53,967.56
4443.0,919.0,923.2,27.88,43.53,967.56
4467.0,918.0,922.7,27.89,43.52,967.55
4491.0,921.0,922.45,27.89,43.52,967.55
4515.0,915.0,921.8,27.89,43.52,967.55
4539.0,919.0,921.45,27.89,43.52,967.55
4563.0,919.0,920.95,27.89,43.53,967.52
4587.0,922.0,920.7,27.89,43.53,967.52
4611.0,918.0,920.35,27.89,43.53,967.52
4635.0,918.0,919.9,27.89,43.53,967.52
4659.0,917.0,919.55,27.89,43.51,967.52
4683.0,919.0,919.4,27.89,43.51,967.52
4707.0,916.0,919.0,27.89,43.51,967.52
4731.0,919.0,918.95,27.89,43.51,967.52
4755.0,919.0,918.85,27.89,43.51,967.54
4779.0,919.0,918.85,27.89,43.5,967.54
4803.0,919.0,918.7,27.89,43.5,967.54
4827.0,918.0,918.7,27.89,43.5,967.54
4851.0,917.0,918.65,27.89,43.5,967.54
4875.0,915.0,918.45,27.89,43.51,967.55
4899.0,916.0,918.15,27.89,43.51,967.55
4923.0,913.0,917.85,27.89,43.51,967.55
4947.0,917.0,917.8,27.89,43.51,967.55
4971.0,912.0,917.35,27.89,43.53,967.55
4995.0,915.0,917.35,27.89,43.53,967.55
5019.0,917.0,917.25,27.89,43.53,967.55
5043.0,913.0,916.95,27.89,43.53,967.55
5067.0,915.0,916.6,27.89,43.51,967.55
5091.0,915.0,916.45,27.89,43.51,967.55
5115.0,912.0,916.15,27.89,43.51,967.55
5139.0,912.0,915.9,27.89,43.51,967.55
5163.0,912.0,915.55,27.89,43.51,967.55
5187.0,913.0,915.4,27.89,43.51,967.55
5211.0,912.0,915.05,27.89,43.51,967.55
5235.0,912.0,914.7,27.89,43.51,967.55
5259.0,911.0,914.3,27.89,43.47,967.55
5283.0,908.0,913.75,27.89,43.47,967.55
5307.0,906.0,913.15,27.89,43.47,967.55
5331.0,909.0,912.75,27.89,43.47,967.55
5355.0,910.0,912.5,27.89,43.53,967.55
5379.0,905.0,911.95,27.89,43.53,967.55
5403.0,908.0,911.7,27.89,43.53,967.55
5427.0,904.0,911.05,27.89,43.53,967.55
5451.0,906.0,910.75,27.89,43.5,967.55
5475.0,906.0,910.3,27.89,43.5,967.55
5499.0,909.0,909.9,27.89,43.5,967.55
5523.0,907.0,909.6,27.89,43.5,967.55
5547.0,907.0,909.2,27.89,43.52,967.56
5571.0,905.0,908.7,27.89,43.52,967.56
5595.0,907.0,908.45,27.89,43.52,967.56
5619.0,908.0,908.25,27.89,43.52,967.56
5643.0,909.0,908.1,27.89,43.49,967.55
5667.0,910.0,907.95,27.89,43.49,967.55
5691.0,909.0,907.8,27.89,43.49,967.55
5715.0,909.0,907.65,27.89,43.49,967.55
5739.0,910.0,907.6,27.9,43.52,967.54
5763.0,912.0,907.8,27.9,43.52,967.54
5787.0,913.0,908.15,27.9,43.52,967.54
5811.0,909.0,908.15,27.9,43.52,967.54
5835.0,912.0,908.25,27.89,43.53,967.54
5859.0,911.0,908.55,27.89,43.53,967.54
5883.0,910.0,908.65,27.89,43.53,967.54
5907.0,912.0,909.05,27.89,43.53,967.54
5931.0,912.0,909.35,27.9,43.49,967.56
5955.0,912.0,909.65,27.9,43.49,967.56
5979.0,912.0,909.8,27.9,43.49,967.56
6003.0,912.0,910.05,27.9,43.49,967.56
6027.0,912.0,910.3,27.9,43.47,967.54
6051.0,912.0,910.65,27.9,43.47,967.54
6075.0,913.0,910.95,27.9,43.47,967.54
6099.0,917.0,911.4,27.9,43.47,967.54
6123.0,917.0,911.8,27.9,43.51,967.54
6147.0,913.0,911.95,27.9,43.51,967.54
6171.0,916.0,912.3,27.9,43.51,967.54
6195.0,914.0,912.55,27.9,43.51,967.54
6219.0,921.0,913.1,27.89,43.47,967.55
6243.0,919.0,913.45,27.89,43.47,967.55
6267.0,918.0,913.7,27.89,43.47,967.55
6291.0,919.0,914.2,27.89,43.47,967.55
6315.0,917.0,914.45,27.89,43.45,967.52
6339.0,919.0,914.85,27.89,43.45,967.52
6363.0,919.0,915.3,27.89,43.45,967.52
6387.0,924.0,915.9,27.89,43.45,967.52
6411.0,925.0,916.55,27.89,43.43,967.53
6435.0,927.0,917.3,27.89,43.43,967.53
6459.0,926.0,918.0,27.89,43.43,967.53
6483.0,931.0,918.95,27.89,43.43,967.53
6507.0,933.0,920.0,27.89,43.38,967.53
6531.0,931.0,920.95,27.89,43.38,967.53
6555.0,937.0,922.15,27.89,43.38,967.53
6579.0,939.0,923.25,27.89,43.38,967.53
6603.0,942.0,924.5,27.89,43.31,967.54
6627.0,939.0,925.8,27.89,43.31,967.54
6651.0,935.0,926.75,27.89,43.31,967.54
6675.0,939.0,928.0,27.89,43.31,967.54
6699.0,937.0,928.8,27.89,43.29,967.52
6723.0,938.0,929.75,27.89,43.29,967.52
6747.0,943.0,931.0,27.89,43.29,967.52
6771.0,939.0,932.0,27.89,43.29,967.52
6795.0,939.0,933.1,27.89,43.26,967.53
6819.0,938.0,934.05,27.88,43.26,967.53
6843.0,933.0,934.75,27.88,43.26,967.53
6867.0,938.0,935.45,27.88,43.26,967.53
6891.0,933.0,935.85,27.88,43.26,967.53
6915.0,937.0,936.35,27.88,43.23,967.52
6939.0,936.0,936.85,27.88,43.23,967.52
6963.0,937.0,937.15,27.88,43.23,967.52
6987.0,935.0,937.25,27.88,43.23,967.52
7011.0,935.0,937.45,27.88,43.19,967.53
7035.0,940.0,937.6,27.88,43.19,967.53
7059.0,938.0,937.55,27.88,43.19,967.53
7083.0,937.0,937.3,27.88,43.19,967.53
7107.0,938.0,937.25,27.88,43.2,967.52
7131.0,939.0,937.45,27.88,43.2,967.52
7155.0,939.0,937.45,27.88,43.2,967.52
7179.0,940.0,937.6,27.88,43.2,967.52
7203.0,942.0,937.8,27.88,43.15,967.52
7227.0,941.0,937.7,27.88,43.15,967.52
7251.0,938.0,937.65,27.88,43.15,967.52
7275.0,937.0,937.55,27.88,43.15,967.52
7299.0,935.0,937.4,27.88,43.2,967.5
7323.0,938.0,937.65,27.88,43.2,967.5
7347.0,937.0,937.6,27.88,43.2,967.5
7371.0,935.0,937.7,27.88,43.2,967.5
7395.0,937.0,937.7,27.87,43.15,967.52
7419.0,937.0,937.75,27.87,43.15,967.52
7443.0,935.0,937.65,27.87,43.15,967.52
7467.0,933.0,937.55,27.87,43.15,967.52
7491.0,937.0,937.65,27.87,43.17,967.52
7515.0,939.0,937.6,27.87,43.17,967.52
7539.0,934.0,937.4,27.87,43.17,967.52
7563.0,931.0,937.1,27.87,43.17,967.52
7587.0,937.0,937.05,27.88,43.15,967.54
7611.0,929.0,936.55,27.88,43.15,967.54
7635.0,934.0,936.3,27.88,43.15,967.54
7659.0,931.0,935.85,27.88,43.15,967.54
7683.0,938.0,935.65,27.88,43.16,967.52
7707.0,931.0,935.15,27.88,43.16,967.52
7731.0,930.0,934.75,27.88,43.16,967.52
7755.0,933.0,934.55,27.88,43.16,967.52
7779.0,931.0,934.35,27.88,43.13,967.52
7803.0,935.0,934.2,27.88,43.13,967.52
7827.0,932.0,933.95,27.88,43.13,967.52
7851.0,933.0,933.85,27.88,43.13,967.52
7875.0,934.0,933.7,27.88,43.12,967.53
7899.0,932.0,933.45,27.88,43.12,967.53
7923.0,931.0,933.25,27.88,43.12,967.53
7947.0,933.0,933.25,27.88,43.12,967.53
7971.0,938.0,933.3,27.88,43.13,967.52
7995.0,929.0,932.8,27.88,43.13,967.52
8019.0,935.0,932.85,27.88,43.13,967.52
8043.0,933.0,932.95,27.88,43.13,967.52
8067.0,937.0,932.95,27.88,43.12,967.51
8091.0,935.0,933.25,27.88,43.12,967.51
8115.0,931.0,933.1,27.88,43.12,967.51
8139.0,933.0,933.2,27.88,43.12,967.51
8163.0,1002.0,936.4,27.89,43.13,967.53
8187.0,1354.0,957.55,27.89,43.13,967.53
8211.0,1646.0,993.35,27.89,43.13,967.53
8235.0,1874.0,1040.4,27.89,43.13,967.53
8259.0,2070.0,1097.35,27.89,43.12,967.54
8283.0,2229.0,1162.05,27.89,43.12,967.54
8307.0,2353.0,1233.1,27.89,43.12,967.54
8331.0,2461.0,1309.5,27.89,43.12,967.54
8355.0,2548.0,1390.2,27.88,43.12,967.53
8379.0,2627.0,1474.95,27.88,43.12,967.53
8403.0,2691.0,1562.95,27.88,43.12,967.53
8427.0,2749.0,1653.75,27.88,43.12,967.53
8451.0,2791.0,1746.4,27.88,43.11,967.5
8475.0,2833.0,1841.6,27.88,43.11,967.5
8499.0,2865.0,1938.1,27.88,43.11,967.5
8523.0,2893.0,2036.1,27.88,43.11,967.5
8547.0,2919.0,2135.2,27.89,43.1,967.53
8571.0,2935.0,2235.2,27.89,43.1,967.53
8595.0,2955.0,2336.4,27.89,43.1,967.53
8619.0,2967.0,2438.1,27.89,43.1,967.53
8643.0,2983.0,2537.15,27.88,43.1,967.53
8667.0,2993.0,2619.1,27.88,43.1,967.53
8691.0,3005.0,2687.05,27.88,43.1,967.53
8715.0,3000.0,2743.35,27.88,43.1,967.53
8739.0,3009.0,2790.3,27.88,43.07,967.53
8763.0,3015.0,2829.6,27.88,43.07,967.53
8787.0,3019.0,2862.9,27.88,43.07,967.53
8811.0,3015.0,2890.6,27.88,43.07,967.53
8835.0,3017.0,2914.05,27.88,43.08,967.54
8859.0,3020.0,2933.7,27.88,43.08,967.54
8883.0,3024.0,2950.35,27.88,43.08,967.54
8907.0,3024.0,2964.1,27.88,43.08,967.54
8931.0,3024.0,2975.75,27.88,43.06,967.55
8955.0,3024.0,2985.3,27.88,43.06,967.55
8979.0,3024.0,2993.25,27.88,43.06,967.55
9003.0,3024.0,2999.8,27.88,43.06,967.55
9027.0,3024.0,3005.05,27.88,43.06,967.52
9051.0,3023.0,3009.45,27.88,43.03,967.53
9075.0,3025.0,3012.95,27.88,43.03,967.53
9099.0,3024.0,3015.8,27.88,43.03,967.53
9123.0,3024.0,3017.85,27.88,43.03,967.53
9147.0,3026.0,3019.5,27.88,43.05,967.52
9171.0,3024.0,3020.45,27.88,43.05,967.52
9195.0,3024.0,3021.65,27.88,43.05,967.52
9219.0,3024.0,3022.4,27.88,43.05,967.52
9243.0,3023.0,3022.8,27.88,43.07,967.55
9267.0,3024.0,3023.05,27.88,43.07,967.55
9291.0,3024.0,3023.5,27.88,43.07,967.55
9315.0,3024.0,3023.85,27.88,43.07,967.55
9339.0,3023.0,3024.0,27.88,43.08,967.52
9363.0,3024.0,3024.0,27.88,43.08,967.52
9387.0,3023.0,3023.95,27.88,43.08,967.52
9411.0,3025.0,3024.0,27.88,43.08,967.52
9435.0,3024.0,3024.0,27.88,43.08,967.53
9459.0,3024.0,3024.0,27.88,43.08,967.53
9483.0,3024.0,3024.0,27.88,43.08,967.53
9507.0,3025.0,3024.05,27.88,43.08,967.53
9531.0,3024.0,3024.1,27.88,43.11,967.53
9555.0,3024.0,3024.05,27.88,43.11,967.53
9579.0,3025.0,3024.1,27.88,43.11,967.53
9603.0,3029.0,3024.35,27.88,43.11,967.53
9627.0,3031.0,3024.6,27.88,43.12,967.51
9651.0,3025.0,3024.65,27.88,43.12,967.51
9675.0,3033.0,3025.1,27.88,43.12,967.51
9699.0,3029.0,3025.35,27.88,43.12,967.51
9723.0,3027.0,3025.55,27.87,43.11,967.51
9747.0,3029.0,3025.8,27.87,43.11,967.51
9771.0,3026.0,3025.9,27.87,43.11,967.51
9795.0,3026.0,3026.0,27.87,43.11,967.51
9819.0,3028.0,3026.25,27.87,43.1,967.52
9843.0,3026.0,3026.35,27.87,43.1,967.52
9867.0,3026.0,3026.5,27.87,43.1,967.52
9891.0,3027.0,3026.6,27.87,43.1,967.52
9915.0,3024.0,3026.6,27.88,43.06,967.53
9939.0,3024.0,3026.6,27.88,43.06,967.53
9963.0,3024.0,3026.6,27.88,43.06,967.53
9987.0,3023.0,3026.5,27.88,43.06,967.53
10011.0,3024.0,3026.5,27.87,43.07,967.52
10035.0,3023.0,3026.45,27.87,43.07,967.52
10059.0,3024.0,3026.4,27.87,43.07,967.52
10083.0,3021.0,3026.0,27.87,43.07,967.52
10107.0,3020.0,3025.45,27.88,43.1,967.54
10131.0,3024.0,3025.4,27.88,43.1,967.54
10155.0,3014.0,3024.45,27.88,43.1,967.54
10179.0,3019.0,3023.95,27.88,43.1,967.54
10203.0,3019.0,3023.55,27.87,43.08,967.54
10227.0,3015.0,3022.85,27.87,43.08,967.54
10251.0,3008.0,3021.95,27.87,43.08,967.54
10275.0,3009.0,3021.1,27.87,43.08,967.54
10299.0,3014.0,3020.4,27.88,43.07,967.54
10323.0,3011.0,3019.65,27.88,43.07,967.54
10347.0,3013.0,3019.0,27.88,43.07,967.54
10371.0,3011.0,3018.2,27.88,43.07,967.54
10395.0,3012.0,3017.6,27.88,43.04,967.55
10419.0,3013.0,3017.05,27.88,43.04,967.55
10443.0,3013.0,3016.5,27.88,43.04,967.55
10467.0,3013.0,3016.0,27.88,43.04,967.55
10491.0,3013.0,3015.45,27.88,43.01,967.53
10515.0,3010.0,3014.8,27.88,43.01,967.53
10539.0,3013.0,3014.25,27.88,43.01,967.53
10563.0,3014.0,3013.9,27.88,43.01,967.53
10587.0,3012.0,3013.5,27.88,43.05,967.55
10611.0,3011.0,3012.85,27.88,43.05,967.55
10635.0,3005.0,3012.4,27.88,43.05,967.55
10659.0,3005.0,3011.7,27.88,43.05,967.55
10683.0,3007.0,3011.1,27.88,43.04,967.56
10707.0,3002.0,3010.45,27.88,43.04,967.56
10731.0,3002.0,3010.15,27.88,43.04,967.56
10755.0,3003.0,3009.85,27.88,43.04,967.56
10779.0,3002.0,3009.25,27.88,43.0,967.54
10803.0,3001.0,3008.75,27.88,43.0,967.54
10827.0,3002.0,3008.2,27.88,43.0,967.54
10851.0,2997.0,3007.5,27.88,43.0,967.54
10875.0,2994.0,3006.6,27.88,43.02,967.54
10899.0,2997.0,3005.8,27.88,43.02,967.54
10923.0,2992.0,3004.75,27.88,43.02,967.54
10947.0,2993.0,3003.75,27.88,43.02,967.54
10971.0,2995.0,3002.85,27.88,43.0,967.54
10995.0,2992.0,3001.95,27.88,43.0,967.54
11019.0,2993.0,3000.95,27.88,43.0,967.54
11043.0,2992.0,2999.85,27.88,43.0,967.54
11067.0,2992.0,2998.85,27.88,43.1,967.57
11091.0,2991.0,2997.85,27.88,43.1,967.57
11115.0,2992.0,2997.2,27.88,43.1,967.57
11139.0,2985.0,2996.2,27.88,43.1,967.57
11163.0,2987.0,2995.2,27.88,43.1,967.58
11187.0,2977.0,2993.95,27.88,43.08,967.57
11211.0,2981.0,2992.9,27.88,43.08,967.57
11235.0,2978.0,2991.65,27.88,43.08,967.57
11259.0,2975.0,2990.3,27.88,43.08,967.57
11283.0,2970.0,2988.75,27.88,43.04,967.54
11307.0,2976.0,2987.45,27.88,43.04,967.54
11331.0,2975.0,2986.35,27.88,43.04,967.54
11355.0,2967.0,2985.0,27.88,43.04,967.54
11379.0,2970.0,2983.65,27.88,43.02,967.55
11403.0,2969.0,2982.5,27.88,43.02,967.55
11427.0,2967.0,2981.2,27.88,43.02,967.55
11451.0,2967.0,2979.8,27.88,43.02,967.55
11475.0,2964.0,2978.4,27.88,43.06,967.53
11499.0,2973.0,2977.4,27.88,43.06,967.53
11523.0,2970.0,2976.3,27.88,43.06,967.53
11547.0,2972.0,2975.3,27.88,43.06,967.53
11571.0,2971.0,2974.3,27.88,43.07,967.56
11595.0,2976.0,2973.5,27.88,43.07,967.56
11619.0,2978.0,2973.15,27.88,43.07,967.56
11643.0,2976.0,2972.6,27.88,43.07,967.56
11667.0,2978.0,2972.65,27.88,43.05,967.55
11691.0,2983.0,2972.75,27.88,43.05,967.55
11715.0,2983.0,2973.0,27.88,43.05,967.55
11739.0,2988.0,2973.65,27.88,43.05,967.55
11763.0,2989.0,2974.6,27.88,43.1,967.55
11787.0,2989.0,2975.25,27.88,43.1,967.55
11811.0,2990.0,2976.0,27.88,43.1,967.55
11835.0,2988.0,2977.05,27.88,43.1,967.55
11859.0,2979.0,2977.5,27.88,43.1,967.56
11883.0,2985.0,2978.3,27.88,43.1,967.56
11907.0,2981.0,2979.0,27.88,43.1,967.56
11931.0,2981.0,2979.7,27.88,43.1,967.56
11955.0,2981.0,2980.55,27.88,43.13,967.57
11979.0,2976.0,2980.7,27.88,43.13,967.57
12003.0,2982.0,2981.3,27.88,43.13,967.57
12027.0,2981.0,2981.75,27.88,43.13,967.57
12051.0,2979.0,2982.15,27.88,43.14,967.57
12075.0,2983.0,2982.5,27.88,43.14,967.57
12099.0,2983.0,2982.75,27.88,43.14,967.57
12123.0,2981.0,2983.0,27.88,43.14,967.57
12147.0,2983.0,2983.25,27.87,43.13,967.55
12171.0,2987.0,2983.45,27.87,43.13,967.55
12195.0,2987.0,2983.65,27.87,43.13,967.55
12219.0,2989.0,2983.7,27.87,43.13,967.55
12243.0,2992.0,2983.85,27.88,43.13,967.56
12267.0,2991.0,2983.95,27.88,43.13,967.56
12291.0,2992.0,2984.05,27.88,43.13,967.56
12315.0,2989.0,2984.1,27.88,43.13,967.56
12339.0,2986.0,2984.45,27.88,43.12,967.56
12363.0,2992.0,2984.8,27.88,43.12,967.56
12387.0,2990.0,2985.25,27.88,43.12,967.56
12411.0,2991.0,2985.75,27.88,43.12,967.56
12435.0,2991.0,2986.25,27.87,43.13,967.56
12459.0,2989.0,2986.9,27.87,43.13,967.56
12483.0,2991.0,2987.35,27.87,43.13,967.56
12507.0,2991.0,2987.85,27.87,43.13,967.56
12531.0,2991.0,2988.45,27.88,43.13,967.55
12555.0,2990.0,2988.8,27.88,43.13,967.55
12579.0,2989.0,2989.1,27.88,43.13,967.55
12603.0,2990.0,2989.55,27.88,43.13,967.55
12627.0,2992.0,2990.0,27.88,43.12,967.56
12651.0,2991.0,2990.2,27.88,43.12,967.56
12675.0,2987.0,2990.2,27.88,43.12,967.56
12699.0,2987.0,2990.1,27.88,43.12,967.56
12723.0,2991.0,2990.05,27.88,43.18,967.56
12747.0,2990.0,2990.0,27.88,43.18,967.56
12771.0,2989.0,2989.85,27.88,43.18,967.56
12795.0,2986.0,2989.7,27.88,43.18,967.56
12819.0,2986.0,2989.7,27.88,43.18,967.54
12843.0,2987.0,2989.45,27.88,43.18,967.54
12867.0,2986.0,2989.25,27.88,43.18,967.54
12891.0,2987.0,2989.05,27.88,43.18,967.54
12915.0,2983.0,2988.65,27.88,43.19,967.59
12939.0,2983.0,2988.35,27.88,43.19,967.59
12963.0,2976.0,2987.6,27.88,43.19,967.59
12987.0,2979.0,2987.0,27.88,43.19,967.59
13011.0,2977.0,2986.3,27.88,43.23,967.55
13035.0,2976.0,2985.6,27.88,43.23,967.55
13059.0,2974.0,2984.85,27.88,43.23,967.55
13083.0,2976.0,2984.15,27.88,43.23,967.55
13107.0,2974.0,2983.25,27.88,43.21,967.54
13131.0,2975.0,2982.45,27.88,43.21,967.54
13155.0,2977.0,2981.95,27.88,43.21,967.54
13179.0,2971.0,2981.15,27.88,43.21,967.54
13203.0,2971.0,2980.15,27.88,43.28,967.54
13227.0,2966.0,2978.95,27.88,43.28,967.54
13251.0,2965.0,2977.75,27.88,43.28,967.54
13275.0,2966.0,2976.75,27.88,43.28,967.54
13299.0,2963.0,2975.6,27.88,43.28,967.57
13323.0,2965.0,2974.5,27.88,43.33,967.58
13347.0,2964.0,2973.4,27.88,43.33,967.58
13371.0,2963.0,2972.2,27.88,43.33,967.58
13395.0,2960.0,2971.05,27.88,43.33,967.58
13419.0,2960.0,2969.9,27.88,43.31,967.57
13443.0,2960.0,2969.1,27.88,43.31,967.57
13467.0,2960.0,2968.15,27.88,43.31,967.57
13491.0,2961.0,2967.35,27.88,43.31,967.57
13515.0,2961.0,2966.6,27.88,43.34,967.55
13539.0,2959.0,2965.85,27.88,43.34,967.55
13563.0,2959.0,2965.0,27.88,43.34,967.55
13587.0,2957.0,2964.15,27.88,43.34,967.55
13611.0,2960.0,2963.4,27.88,43.4,967.56
13635.0,2955.0,2962.3,27.88,43.4,967.56
13659.0,2960.0,2961.75,27.88,43.4,967.56
13683.0,2960.0,2961.2,27.88,43.4,967.56
13707.0,2960.0,2960.9,27.89,43.45,967.57
13731.0,2960.0,2960.65,27.89,43.45,967.57
13755.0,2959.0,2960.3,27.89,43.45,967.57
13779.0,2958.0,2960.05,27.89,43.45,967.57
13803.0,2958.0,2959.7,27.88,43.5,967.54
13827.0,2954.0,2959.2,27.88,43.5,967.54
13851.0,2958.0,2958.95,27.88,43.5,967.54
13875.0,2959.0,2958.9,27.88,43.5,967.54
13899.0,2957.0,2958.75,27.89,43.48,967.53
13923.0,2954.0,2958.45,27.89,43.48,967.53
13947.0,2957.0,2958.3,27.89,43.48,967.53
13971.0,2960.0,2958.25,27.89,43.48,967.53
13995.0,2955.0,2957.95,27.89,43.57,967.58
14019.0,2955.0,2957.75,27.89,43.57,967.58
14043.0,2954.0,2957.5,27.89,43.57,967.58
14067.0,2953.0,2957.3,27.89,43.57,967.58
14091.0,2954.0,2957.0,27.89,43.6,967.57
14115.0,2951.0,2956.8,27.89,43.6,967.57
14139.0,2954.0,2956.5,27.89,43.6,967.57
14163.0,2954.0,2956.2,27.89,43.6,967.57
14187.0,2954.0,2955.9,27.89,43.63,967.57
14211.0,2954.0,2955.6,27.89,43.63,967.57
14235.0,2953.0,2955.3,27.89,43.63,967.57
14259.0,2953.0,2955.05,27.89,43.63,967.57
14283.0,2951.0,2954.7,27.89,43.66,967.55
14307.0,2947.0,2954.35,27.89,43.66,967.55
14331.0,2951.0,2954.0,27.89,43.66,967.55
14355.0,2953.0,2953.7,27.89,43.66,967.55
14379.0,2948.0,2953.25,27.89,43.72,967.58
14403.0,2950.0,2953.05,27.89,43.72,967.58
14427.0,2947.0,2952.55,27.89,43.72,967.58
14451.0,2945.0,2951.8,27.89,43.72,967.58
14475.0,2946.0,2951.35,27.88,43.78,967.59
14499.0,2945.0,2950.85,27.88,43.78,967.59
14523.0,2944.0,2950.35,27.88,43.78,967.59
14547.0,2944.0,2949.9,27.88,43.78,967.59
14571.0,2944.0,2949.4,27.89,43.83,967.57
14595.0,2942.0,2948.95,27.89,43.83,967.57
14619.0,2945.0,2948.5,27.89,43.83,967.57
14643.0,2943.0,2947.95,27.89,43.83,967.57
14667.0,2943.0,2947.4,27.89,43.88,967.57
14691.0,2939.0,2946.65,27.89,43.88,967.57
14715.0,2943.0,2946.15,27.89,43.88,967.57
14739.0,2935.0,2945.25,27.89,43.88,967.57
14763.0,2939.0,2944.65,27.89,43.92,967.56
14787.0,2939.0,2944.25,27.89,43.92,967.56
14811.0,2937.0,2943.55,27.89,43.92,967.56
14835.0,2941.0,2942.95,27.89,43.92,967.56
14859.0,2935.0,2942.3,27.89,43.93,967.57
14883.0,2935.0,2941.55,27.89,43.93,967.57
14907.0,2937.0,2941.05,27.89,43.93,967.57
14931.0,2933.0,2940.45,27.89,43.93,967.57
14955.0,2935.0,2939.9,27.89,43.92,967.57
14979.0,2932.0,2939.25,27.89,43.92,967.57
15003.0,2936.0,2938.85,27.89,43.92,967.57
15027.0,2933.0,2938.3,27.89,43.92,967.57
15051.0,2937.0,2937.95,27.89,43.92,967.56
15075.0,2934.0,2937.55,27.89,43.92,967.56
15099.0,2931.0,2936.85,27.89,43.92,967.56
15123.0,2930.0,2936.2,27.89,43.92,967.56
15147.0,2932.0,2935.65,27.89,43.87,967.56
15171.0,2931.0,2935.25,27.89,43.87,967.56
15195.0,2930.0,2934.6,27.89,43.87,967.56
15219.0,2933.0,2934.5,27.89,43.87,967.56
15243.0,2929.0,2934.0,27.89,43.84,967.56
15267.0,2928.0,2933.45,27.88,43.84,967.56
15291.0,2931.0,2933.15,27.88,43.84,967.56
15315.0,2931.0,2932.65,27.88,43.84,967.56
15339.0,2930.0,2932.4,27.88,43.84,967.56
15363.0,2928.0,2932.05,27.89,43.73,967.56
15387.0,2928.0,2931.6,27.89,43.73,967.56
15411.0,2925.0,2931.2,27.89,43.73,967.56
15435.0,2925.0,2930.7,27.89,43.73,967.58
15459.0,2927.0,2930.45,27.89,43.75,967.57
15483.0,2923.0,2929.8,27.89,43.75,967.57
15507.0,2923.0,2929.3,27.89,43.75,967.57
15531.0,2923.0,2928.6,27.89,43.75,967.57
15555.0,2926.0,2928.2,27.89,43.78,967.56
15579.0,2922.0,2927.75,27.89,43.78,967.56
15603.0,2925.0,2927.5,27.89,43.78,967.56
15627.0,2921.0,2926.95,27.89,43.78,967.56
15651.0,2923.0,2926.55,27.88,43.73,967.57
15675.0,2918.0,2925.95,27.88,43.73,967.57
15699.0,2923.0,2925.45,27.88,43.73,967.57
15723.0,2925.0,2925.25,27.88,43.73,967.57
15747.0,2923.0,2925.0,27.88,43.74,967.55
15771.0,2922.0,2924.55,27.88,43.74,967.55
15795.0,2923.0,2924.15,27.88,43.74,967.55
15819.0,2922.0,2923.75,27.88,43.74,967.55
15843.0,2923.0,2923.5,27.89,43.74,967.57
15867.0,2925.0,2923.35,27.89,43.74,967.57
15891.0,2924.0,2923.3,27.89,43.74,967.57
15915.0,2927.0,2923.4,27.89,43.74,967.57
15939.0,2927.0,2923.4,27.89,43.75,967.58
15963.0,2924.0,2923.45,27.89,43.75,967.58
15987.0,2923.0,2923.45,27.89,43.75,967.58
16011.0,2925.0,2923.55,27.89,43.75,967.58
16035.0,2922.0,2923.35,27.89,43.77,967.55
16059.0,2922.0,2923.35,27.89,43.77,967.55
16083.0,2923.0,2923.25,27.89,43.77,967.55
16107.0,2927.0,2923.55,27.89,43.77,967.55
16131.0,2926.0,2923.7,27.88,43.77,967.56
16155.0,2926.0,2924.1,27.88,43.77,967.56
16179.0,2919.0,2923.9,27.88,43.77,967.56
16203.0,2923.0,2923.8,27.88,43.77,967.56
16227.0,2923.0,2923.8,27.89,43.77,967.58
16251.0,2919.0,2923.65,27.89,43.77,967.58
16275.0,2923.0,2923.65,27.89,43.77,967.58
16299.0,2923.0,2923.7,27.89,43.77,967.58
16323.0,2926.0,2923.85,27.89,43.83,967.56
16347.0,2921.0,2923.65,27.89,43.83,967.56
16371.0,2921.0,2923.5,27.89,43.83,967.56
16395.0,2923.0,2923.3,27.89,43.83,967.56
16419.0,2919.0,2922.9,27.89,43.83,967.56
16443.0,2925.0,2922.95,27.89,43.83,967.56
16467.0,2922.0,2922.9,27.89,43.83,967.56
16491.0,2919.0,2922.6,27.89,43.83,967.56
16515.0,2914.0,2922.2,27.89,43.87,967.55
16539.0,2913.0,2921.75,27.89,43.87,967.55
16563.0,2912.0,2921.2,27.89,43.87,967.55
16587.0,2910.0,2920.35,27.89,43.87,967.55
16611.0,2913.0,2919.7,27.89,43.88,967.58
16635.0,2912.0,2919.0,27.89,43.88,967.58
16659.0,2910.0,2918.55,27.89,43.88,967.58
16683.0,2915.0,2918.15,27.89,43.88,967.58
16707.0,2915.0,2917.75,27.89,43.92,967.55
16731.0,2910.0,2917.3,27.89,43.92,967.55
16755.0,2911.0,2916.7,27.89,43.92,967.55
16779.0,2914.0,2916.25,27.89,43.92,967.55
16803.0,2914.0,2915.65,27.89,43.94,967.58
16827.0,2914.0,2915.3,27.89,43.94,967.58
16851.0,2910.0,2914.75,27.89,43.94,967.58
16875.0,2912.0,2914.2,27.89,43.94,967.58
16899.0,2912.0,2913.85,27.89,43.88,967.58
16923.0,2910.0,2913.1,27.89,43.88,967.58
16947.0,2913.0,2912.65,27.89,43.88,967.58
16971.0,2913.0,2912.35,27.89,43.88,967.58
16995.0,2913.0,2912.3,27.89,43.93,967.57
17019.0,2913.0,2912.3,27.89,43.93,967.57
17043.0,2909.0,2912.15,27.89,43.93,967.57
17067.0,2910.0,2912.15,27.89,43.93,967.57
17091.0,2913.0,2912.15,27.89,43.93,967.56
17115.0,2908.0,2911.95,27.89,43.93,967.56
17139.0,2909.0,2911.9,27.89,43.93,967.56
17163.0,2909.0,2911.6,27.89,43.93,967.56
17187.0,2912.0,2911.45,27.89,43.83,967.56
17211.0,2910.0,2911.45,27.89,43.83,967.56
17235.0,2910.0,2911.4,27.89,43.83,967.56
17259.0,2903.0,2910.85,27.89,43.83,967.56
17283.0,2903.0,2910.3,27.89,43.77,967.57
17307.0,2905.0,2909.85,27.89,43.77,967.57
17331.0,2905.0,2909.6,27.89,43.77,967.57
17355.0,2907.0,2909.35,27.89,43.77,967.57
17379.0,2910.0,2909.25,27.89,43.68,967.58
17403.0,2905.0,2909.0,27.89,43.68,967.58
17427.0,2907.0,2908.7,27.89,43.68,967.58
17451.0,2909.0,2908.5,27.89,43.68,967.58
17475.0,2906.0,2908.15,27.89,43.68,967.56
17499.0,2893.0,2907.15,27.89,43.63,967.56
17523.0,2851.0,2904.25,27.89,43.63,967.56
17547.0,2795.0,2898.5,27.89,43.63,967.56
17571.0,2725.0,2889.1,27.89,43.63,967.56
17595.0,2622.0,2874.8,27.89,43.52,967.56
17619.0,2493.0,2854.0,27.89,43.52,967.56
17643.0,2371.0,2827.1,27.89,43.52,967.56
17667.0,2242.0,2793.6,27.89,43.52,967.56
17691.0,2120.0,2754.1,27.89,43.5,967.55
17715.0,1995.0,2708.35,27.89,43.5,967.55
17739.0,1879.0,2657.15,27.89,43.5,967.55
17763.0,1777.0,2600.85,27.89,43.5,967.55
17787.0,1690.0,2540.1,27.88,43.43,967.57
17811.0,1603.0,2475.0,27.88,43.43,967.57
17835.0,1520.0,2405.65,27.88,43.43,967.57
17859.0,1455.0,2332.9,27.88,43.43,967.57
17883.0,1394.0,2257.35,27.88,43.39,967.58
17907.0,1342.0,2179.1,27.88,43.39,967.58
17931.0,1296.0,2098.45,27.88,43.39,967.58
17955.0,1255.0,2015.9,27.88,43.39,967.58
17979.0,1217.0,1932.1,27.88,43.32,967.57
18003.0,1184.0,1848.75,27.88,43.32,967.57
18027.0,1158.0,1766.9,27.88,43.32,967.57
18051.0,1133.0,1687.3,27.88,43.32,967.57
18075.0,1111.0,1611.75,27.88,43.32,967.58
18099.0,1098.0,1542.0,27.88,43.32,967.58
18123.0,1075.0,1477.2,27.88,43.32,967.58
18147.0,1062.0,1418.2,27.88,43.32,967.58
18171.0,1054.0,1364.9,27.88,43.28,967.55
18195.0,1040.0,1317.15,27.88,43.28,967.55
18219.0,1023.0,1274.35,27.88,43.28,967.55
18243.0,1014.0,1236.2,27.88,43.28,967.55
18267.0,1008.0,1202.1,27.88,43.31,967.57
18291.0,1003.0,1172.1,27.88,43.31,967.57
18315.0,992.0,1145.7,27.88,43.31,967.57
18339.0,987.0,1122.3,27.88,43.31,967.57
18363.0,983.0,1101.75,27.88,43.29,967.59
18387.0,977.0,1083.5,27.88,43.29,967.59
18411.0,973.0,1067.35,27.88,43.29,967.59
18435.0,974.0,1053.3,27.88,43.29,967.59
18459.0,972.0,1041.05,27.88,43.29,967.56
18483.0,967.0,1030.2,27.88,43.29,967.56
18507.0,960.0,1020.3,27.88,43.29,967.56
18531.0,960.0,1011.65,27.88,43.29,967.56
18555.0,957.0,1003.95,27.88,43.32,967.57
18579.0,960.0,997.05,27.88,43.32,967.57
18603.0,958.0,991.2,27.88,43.32,967.57
18627.0,954.0,985.8,27.88,43.32,967.57
18651.0,950.0,980.6,27.88,43.32,967.56
18675.0,949.0,976.05,27.88,43.32,967.56
18699.0,951.0,972.45,27.88,43.32,967.56
18723.0,950.0,969.25,27.88,43.32,967.56
18747.0,950.0,966.35,27.88,43.33,967.57
18771.0,950.0,963.7,27.88,43.33,967.57
18795.0,950.0,961.6,27.88,43.33,967.57
18819.0,949.0,959.7,27.88,43.33,967.57
18843.0,947.0,957.9,27.88,43.35,967.56
18867.0,947.0,956.4,27.88,43.35,967.56
18891.0,947.0,955.1,27.88,43.35,967.56
18915.0,947.0,953.75,27.88,43.35,967.56
18939.0,949.0,952.6,27.88,43.39,967.57
18963.0,949.0,951.7,27.88,43.39,967.57
18987.0,950.0,951.2,27.88,43.39,967.57
19011.0,947.0,950.55,27.88,43.39,967.57
19035.0,954.0,950.4,27.88,43.42,967.57
19059.0,952.0,950.0,27.88,43.42,967.57
19083.0,946.0,949.4,27.88,43.42,967.57
19107.0,948.0,949.1,27.88,43.42,967.57
19131.0,951.0,949.15,27.88,43.45,967.58
19155.0,950.0,949.2,27.88,43.45,967.58
19179.0,949.0,949.1,27.88,43.45,967.58
19203.0,950.0,949.1,27.88,43.45,967.58
19227.0,950.0,949.1,27.88,43.45,967.55
19251.0,948.0,949.0,27.88,43.45,967.55
19275.0,950.0,949.0,27.88,43.45,967.55
19299.0,949.0,949.0,27.88,43.45,967.55
19323.0,944.0,948.85,27.88,43.44,967.57
19347.0,948.0,948.9,27.88,43.44,967.57
19371.0,948.0,948.95,27.88,43.44,967.57
19395.0,953.0,949.25,27.88,43.44,967.57
19419.0,945.0,949.05,27.88,43.47,967.55
19443.0,948.0,949.0,27.88,43.47,967.55
19467.0,951.0,949.05,27.88,43.47,967.55
19491.0,954.0,949.4,27.88,43.47,967.55
19515.0,951.0,949.25,27.88,43.47,967.58
19539.0,950.0,949.15,27.89,43.47,967.58
19563.0,950.0,949.35,27.89,43.47,967.58
19587.0,949.0,949.4,27.89,43.47,967.58
19611.0,947.0,949.2,27.89,43.47,967.56
19635.0,949.0,949.15,27.89,43.53,967.56
19659.0,949.0,949.15,27.89,43.53,967.56
19683.0,950.0,949.15,27.89,43.53,967.56
19707.0,947.0,949.0,27.89,43.53,967.56
19731.0,946.0,948.9,27.88,43.53,967.59
19755.0,947.0,948.75,27.88,43.53,967.59
19779.0,953.0,948.95,27.88,43.53,967.59
19803.0,946.0,949.05,27.88,43.53,967.59
19827.0,949.0,949.1,27.89,43.56,967.56
19851.0,947.0,949.05,27.89,43.56,967.56
19875.0,950.0,948.9,27.89,43.56,967.56
19899.0,950.0,949.15,27.89,43.56,967.56
19923.0,949.0,949.2,27.89,43.57,967.57
19947.0,947.0,949.0,27.89,43.57,967.57
19971.0,950.0,948.8,27.89,43.57,967.57
19995.0,949.0,948.7,27.89,43.57,967.57
20019.0,954.0,948.9,27.89,43.57,967.54
20043.0,951.0,948.95,27.89,43.57,967.54
20067.0,947.0,948.85,27.89,43.57,967.54
20091.0,949.0,948.95,27.89,43.57,967.54
20115.0,951.0,949.05,27.89,43.57,967.57
20139.0,950.0,949.1,27.89,43.57,967.57
20163.0,950.0,949.1,27.89,43.57,967.57
20187.0,950.0,949.25,27.89,43.57,967.57
20211.0,951.0,949.5,27.89,43.58,967.57
20235.0,949.0,949.6,27.89,43.58,967.57
20259.0,948.0,949.35,27.89,43.58,967.57
20283.0,950.0,949.55,27.89,43.58,967.57
20307.0,945.0,949.35,27.89,43.59,967.58
20331.0,946.0,949.3,27.89,43.59,967.58
20355.0,950.0,949.3,27.89,43.59,967.58
20379.0,949.0,949.25,27.89,43.59,967.58
20403.0,947.0,949.15,27.89,43.64,967.59
20427.0,945.0,949.05,27.89,43.64,967.59
20451.0,947.0,948.9,27.89,43.64,967.59
20475.0,949.0,948.9,27.89,43.64,967.59
20499.0,951.0,948.75,27.89,43.64,967.58
20523.0,947.0,948.55,27.89,43.64,967.58
20547.0,949.0,948.65,27.89,43.64,967.58
20571.0,946.0,948.5,27.89,43.64,967.58
20595.0,947.0,948.3,27.89,43.64,967.54
20619.0,947.0,948.15,27.89,43.64,967.54
20643.0,949.0,948.1,27.89,43.64,967.54
20667.0,948.0,948.0,27.89,43.64,967.54
20691.0,947.0,947.8,27.89,43.65,967.57
20715.0,950.0,947.85,27.89,43.65,967.57
20739.0,950.0,947.95,27.89,43.65,967.57
20763.0,946.0,947.75,27.89,43.65,967.57
20787.0,946.0,947.8,27.89,43.68,967.57
20811.0,949.0,947.95,27.89,43.68,967.57
20835.0,945.0,947.7,27.89,43.68,967.57
20859.0,951.0,947.8,27.89,43.68,967.57
20883.0,947.0,947.8,27.89,43.68,967.56
20907.0,951.0,948.1,27.89,43.68,967.56
20931.0,945.0,948.0,27.89,43.68,967.56
20955.0,947.0,947.9,27.89,43.68,967.56
20979.0,950.0,947.85,27.89,43.67,967.57
21003.0,950.0,948.0,27.89,43.67,967.57
21027.0,951.0,948.1,27.89,43.67,967.57
21051.0,948.0,948.2,27.89,43.67,967.57
21075.0,950.0,948.35,27.9,43.67,967.59
21099.0,951.0,948.55,27.9,43.67,967.59
21123.0,950.0,948.6,27.9,43.67,967.59
21147.0,952.0,948.8,27.9,43.67,967.59
21171.0,951.0,949.0,27.89,43.7,967.56
21195.0,953.0,949.15,27.89,43.7,967.56
21219.0,953.0,949.3,27.89,43.7,967.56
21243.0,950.0,949.5,27.89,43.7,967.56
21267.0,950.0,949.7,27.89,43.67,967.58
21291.0,951.0,949.8,27.89,43.67,967.58
21315.0,950.0,950.05,27.89,43.67,967.58
21339.0,949.0,949.95,27.89,43.67,967.58
21363.0,948.0,950.0,27.89,43.68,967.57
21387.0,951.0,950.0,27.89,43.68,967.57
21411.0,947.0,950.1,27.89,43.68,967.57
21435.0,949.0,950.2,27.89,43.68,967.57
21459.0,950.0,950.2,27.89,43.71,967.56
21483.0,954.0,950.4,27.89,43.71,967.56
21507.0,947.0,950.2,27.89,43.71,967.56
21531.0,951.0,950.35,27.89,43.71,967.56
21555.0,950.0,950.35,27.89,43.68,967.57
21579.0,951.0,950.35,27.89,43.68,967.57
21603.0,954.0,950.55,27.89,43.68,967.57
21627.0,947.0,950.3,27.89,43.68,967.57
21651.0,953.0,950.4,27.89,43.68,967.58
21675.0,953.0,950.4,27.89,43.68,967.58
21699.0,954.0,950.45,27.89,43.68,967.58
21723.0,951.0,950.5,27.89,43.68,967.58
21747.0,950.0,950.5,27.89,43.68,967.57
